--
-- PostgreSQL database dump
-- This file is the dumped version of the DB is another way to generate the PosgreSQL Database tables and content
--

-- Dumped from database version 13.0
-- Dumped by pg_dump version 13.0

SET statement_timeout = 0;
SET lock_timeout = 0;
SET idle_in_transaction_session_timeout = 0;
SET client_encoding = 'UTF8';
SET standard_conforming_strings = on;
SELECT pg_catalog.set_config('search_path', '', false);
SET check_function_bodies = false;
SET xmloption = content;
SET client_min_messages = warning;
SET row_security = off;

SET default_tablespace = '';

SET default_table_access_method = heap;

--
-- Name: customers; Type: TABLE; Schema: public; Owner: -
--

CREATE TABLE public.customers (
    customer_id character varying(10) NOT NULL,
    company_name character varying(100),
    city character varying(100),
    country character varying(100)
);


--
-- Name: order_details; Type: TABLE; Schema: public; Owner: -
--

CREATE TABLE public.order_details (
    order_id integer,
    unit_price real,
    quantity integer,
    discount real
);


--
-- Name: orders; Type: TABLE; Schema: public; Owner: -
--

CREATE TABLE public.orders (
    order_id integer NOT NULL,
    customer_id character varying(10),
    freight real
);


--
-- Data for Name: customers; Type: TABLE DATA; Schema: public; Owner: -
--

COPY public.customers (customer_id, company_name, city, country) FROM stdin;
ALFKI	Alfreds Futterkiste	Berlin	Germany
ANATR	Ana Trujillo Emparedados y helados	México D.F.	Mexico
ANTON	Antonio Moreno Taquería	México D.F.	Mexico
AROUT	Around the Horn	London	UK
BERGS	Berglunds snabbköp	Luleå	Sweden
BLAUS	Blauer See Delikatessen	Mannheim	Germany
BLONP	Blondesddsl père et fils	Strasbourg	France
BOLID	Bólido Comidas preparadas	Madrid	Spain
BONAP	Bon app'	Marseille	France
BOTTM	Bottom-Dollar Markets	Tsawassen	Canada
BSBEV	B's Beverages	London	UK
CACTU	Cactus Comidas para llevar	Buenos Aires	Argentina
CENTC	Centro comercial Moctezuma	México D.F.	Mexico
CHOPS	Chop-suey Chinese	Bern	Switzerland
COMMI	Comércio Mineiro	Sao Paulo	Brazil
CONSH	Consolidated Holdings	London	UK
DRACD	Drachenblut Delikatessen	Aachen	Germany
DUMON	Du monde entier	Nantes	France
EASTC	Eastern Connection	London	UK
ERNSH	Ernst Handel	Graz	Austria
FAMIA	Familia Arquibaldo	Sao Paulo	Brazil
FISSA	FISSA Fabrica Inter. Salchichas S.A.	Madrid	Spain
FOLIG	Folies gourmandes	Lille	France
FOLKO	Folk och fä HB	Bräcke	Sweden
FRANK	Frankenversand	München	Germany
FRANR	France restauration	Nantes	France
FRANS	Franchi S.p.A.	Torino	Italy
FURIB	Furia Bacalhau e Frutos do Mar	Lisboa	Portugal
GALED	Galería del gastrónomo	Barcelona	Spain
GODOS	Godos Cocina Típica	Sevilla	Spain
GOURL	Gourmet Lanchonetes	Campinas	Brazil
GREAL	Great Lakes Food Market	Eugene	USA
GROSR	GROSELLA-Restaurante	Caracas	Venezuela
HANAR	Hanari Carnes	Rio de Janeiro	Brazil
HILAA	HILARION-Abastos	San Cristóbal	Venezuela
HUNGC	Hungry Coyote Import Store	Elgin	USA
HUNGO	Hungry Owl All-Night Grocers	Cork	Ireland
ISLAT	Island Trading	Cowes	UK
KOENE	Königlich Essen	Brandenburg	Germany
LACOR	La corne d'abondance	Versailles	France
LAMAI	La maison d'Asie	Toulouse	France
LAUGB	Laughing Bacchus Wine Cellars	Vancouver	Canada
LAZYK	Lazy K Kountry Store	Walla Walla	USA
LEHMS	Lehmanns Marktstand	Frankfurt a.M.	Germany
LETSS	Let's Stop N Shop	San Francisco	USA
LILAS	LILA-Supermercado	Barquisimeto	Venezuela
LINOD	LINO-Delicateses	I. de Margarita	Venezuela
LONEP	Lonesome Pine Restaurant	Portland	USA
MAGAA	Magazzini Alimentari Riuniti	Bergamo	Italy
MAISD	Maison Dewey	Bruxelles	Belgium
MEREP	Mère Paillarde	Montréal	Canada
MORGK	Morgenstern Gesundkost	Leipzig	Germany
NORTS	North/South	London	UK
OCEAN	Océano Atlántico Ltda.	Buenos Aires	Argentina
OLDWO	Old World Delicatessen	Anchorage	USA
OTTIK	Ottilies Käseladen	Köln	Germany
PARIS	Paris spécialités	Paris	France
PERIC	Pericles Comidas clásicas	México D.F.	Mexico
PICCO	Piccolo und mehr	Salzburg	Austria
PRINI	Princesa Isabel Vinhos	Lisboa	Portugal
QUEDE	Que Delícia	 12Rio de Janeiro	Brazil
QUEEN	Queen Cozinha	Sao Paulo	Brazil
QUICK	QUICK-Stop	Cunewalde	Germany
RANCH	Rancho grande	Buenos Aires	Argentina
RATTC	Rattlesnake Canyon Grocery	Albuquerque	USA
REGGC	Reggiani Caseifici	Reggio Emilia	Italy
RICAR	Ricardo Adocicados	Rio de Janeiro	Brazil
RICSU	Richter Supermarkt	Genève	Switzerland
ROMEY	Romero y tomillo	Madrid	Spain
SANTG	Santé Gourmet	Stavern	Norway
SAVEA	Save-a-lot Markets	Boise	USA
SEVES	Seven Seas Imports	London	UK
SIMOB	Simons bistro	Kobenhavn	Denmark
SPECD	Spécialités du monde	Paris	France
SPLIR	Split Rail Beer & Ale	Lander	USA
SUPRD	Suprêmes délices	Charleroi	Belgium
THEBI	The Big Cheese	Portland	USA
THECR	The Cracker Box	Butte	USA
TOMSP	Toms Spezialitäten	Münster	Germany
TORTU	Tortuga Restaurante	México D.F.	Mexico
TRADH	Tradição Hipermercados	Sao Paulo	Brazil
TRAIH	Trail's Head Gourmet Provisioners	Kirkland	USA
VAFFE	Vaffeljernet	Århus	Denmark
VICTE	Victuailles en stock	Lyon	France
VINET	Vins et alcools Chevalier	Reims	France
WANDK	Die Wandernde Kuh	Stuttgart	Germany
WARTH	Wartian Herkku	Oulu	Finland
WELLI	Wellington Importadora	Resende	Brazil
WHITC	White Clover Markets	Seattle	USA
WILMK	Wilman Kala	Helsinki	Finland
WOLZA	Wolski  Zajazd	Warszawa	Poland
\.


--
-- Data for Name: order_details; Type: TABLE DATA; Schema: public; Owner: -
--

COPY public.order_details (order_id, unit_price, quantity, discount) FROM stdin;
10248	14	12	0
10248	9.8	10	0
10248	34.8	5	0
10249	18.6	9	0
10249	42.4	40	0
10250	7.7	10	0
10250	42.4	35	0.15
10250	16.8	15	0.15
10251	16.8	6	0.05
10251	15.6	15	0.05
10251	16.8	20	0
10252	64.8	40	0.05
10252	2	25	0.05
10252	27.2	40	0
10253	10	20	0
10253	14.4	42	0
10253	16	40	0
10254	3.6	15	0.15
10254	19.2	21	0.15
10254	8	21	0
10255	15.2	20	0
10255	13.9	35	0
10255	15.2	25	0
10255	44	30	0
10256	26.2	15	0
10256	10.4	12	0
10257	35.1	25	0
10257	14.4	6	0
10257	10.4	15	0
10258	15.2	50	0.2
10258	17	65	0.2
10258	25.6	6	0.2
10259	8	10	0
10259	20.8	1	0
10260	7.7	16	0.25
10260	15.6	50	0
10260	39.4	15	0.25
10260	12	21	0.25
10261	8	20	0
10261	14.4	20	0
10262	17	12	0.2
10262	24	15	0
10262	30.4	2	0
10263	13.9	60	0.25
10263	3.6	28	0
10263	20.7	60	0.25
10263	8	36	0.25
10264	15.2	35	0
10264	7.7	25	0.15
10265	31.2	30	0
10265	12	20	0
10266	30.4	12	0.05
10267	14.7	50	0
10267	44	70	0.15
10267	14.4	15	0.15
10268	99	10	0
10268	27.8	4	0
10269	2	60	0.05
10269	27.8	20	0.05
10270	15.2	30	0
10270	36.8	25	0
10271	2	24	0
10272	64.8	6	0
10272	10	40	0
10272	27.8	24	0
10273	24.8	24	0.05
10273	10	15	0.05
10273	2	20	0
10273	14.7	60	0.05
10273	14.4	33	0.05
10274	17.2	20	0
10274	27.8	7	0
10275	3.6	12	0.05
10275	44	6	0.05
10276	24.8	15	0
10276	4.8	10	0
10277	36.4	20	0
10277	39.4	12	0
10278	15.5	16	0
10278	44	15	0
10278	35.1	8	0
10278	12	25	0
10279	31.2	15	0.25
10280	3.6	12	0
10280	19.2	20	0
10280	6.2	30	0
10281	7.3	1	0
10281	3.6	6	0
10281	14.4	4	0
10282	20.7	6	0
10282	15.6	2	0
10283	12.4	20	0
10283	7.3	18	0
10283	27.2	35	0
10283	27.8	3	0
10284	35.1	15	0.25
10284	15.5	21	0
10284	27.2	20	0.25
10284	11.2	5	0.25
10285	14.4	45	0.2
10285	14.7	40	0.2
10285	26.2	36	0.2
10286	14.4	100	0
10286	39.4	40	0
10287	13.9	40	0.15
10287	11.2	20	0
10287	9.6	15	0.15
10288	5.9	10	0.1
10288	10	3	0.1
10289	8	30	0
10289	26.6	9	0
10290	17	20	0
10290	99	15	0
10290	16	15	0
10290	10.4	10	0
10291	4.8	20	0.1
10291	15.5	24	0.1
10291	42.4	2	0.1
10292	64.8	20	0
10293	50	12	0
10293	3.6	10	0
10293	35.1	5	0
10293	6.2	6	0
10294	14.4	18	0
10294	31.2	15	0
10294	36.8	15	0
10294	27.2	21	0
10294	6.2	6	0
10295	30.4	4	0
10296	16.8	12	0
10296	13.9	30	0
10296	28.8	15	0
10297	14.4	60	0
10297	27.8	20	0
10298	15.2	40	0
10298	15.2	40	0.25
10298	44	30	0.25
10298	39.4	15	0
10299	7.3	15	0
10299	12	20	0
10300	13.6	30	0
10300	10	20	0
10301	14.7	10	0
10301	30.4	20	0
10302	31.2	40	0
10302	36.4	28	0
10302	36.8	12	0
10303	14.7	40	0.1
10303	16.8	30	0.1
10303	10	15	0.1
10304	16	30	0
10304	44	10	0
10304	17.2	2	0
10305	50	25	0.1
10305	99	25	0.1
10305	14.4	30	0.1
10306	20.7	10	0
10306	26.2	10	0
10306	5.9	5	0
10307	39.4	10	0
10307	10	3	0
10308	28.8	1	0
10308	12	5	0
10309	17.6	20	0
10309	20	30	0
10309	11.2	2	0
10309	36.8	20	0
10309	17.2	3	0
10310	13.9	10	0
10310	39.4	5	0
10311	11.2	6	0
10311	28.8	7	0
10312	36.4	4	0
10312	36.8	24	0
10312	26.2	20	0
10312	6.2	10	0
10313	15.2	12	0
10314	25.6	40	0.1
10314	10.6	30	0.1
10314	39.4	25	0.1
10315	11.2	14	0
10315	12	30	0
10316	7.7	10	0
10316	39.4	70	0
10317	14.4	20	0
10318	7.7	20	0
10318	14.4	6	0
10319	31.2	8	0
10319	36.4	14	0
10319	14.4	30	0
10320	17.2	30	0
10321	14.4	10	0
10322	5.6	20	0
10323	12.4	5	0
10323	11.2	4	0
10323	14.4	4	0
10324	13.9	21	0.15
10324	14.4	70	0.15
10324	9.6	30	0
10324	44	40	0.15
10324	35.1	80	0.15
10325	20	6	0
10325	4.8	12	0
10325	18.6	9	0
10325	10	4	0
10325	27.8	40	0
10326	17.6	24	0
10326	15.6	16	0
10326	6.2	50	0
10327	15.2	25	0.2
10327	16.8	50	0.2
10327	20.7	35	0.2
10327	10.6	30	0.2
10328	44	9	0
10328	16.8	40	0
10328	10	10	0
10329	7.3	10	0.05
10329	20.7	8	0.05
10329	210.8	20	0.05
10329	30.4	12	0.05
10330	24.9	50	0.15
10330	27.8	25	0.15
10331	5.9	15	0
10332	50	40	0.2
10332	11.2	10	0.2
10332	7.6	16	0.2
10333	18.6	10	0
10333	8	10	0.1
10333	17.2	40	0.1
10334	5.6	8	0
10334	10	10	0
10335	15.2	7	0.2
10335	10	25	0.2
10335	25.6	6	0.2
10335	42.4	48	0.2
10336	17.6	18	0.1
10337	7.2	40	0
10337	24.9	24	0
10337	15.2	20	0
10337	20.8	28	0
10337	27.8	25	0
10338	31.2	20	0
10338	20.7	15	0
10339	17.6	10	0
10339	31.2	70	0.05
10339	39.4	28	0
10340	50	20	0.05
10340	7.7	12	0.05
10340	36.8	40	0.05
10341	2	8	0
10341	44	9	0.15
10342	15.2	24	0.2
10342	10	56	0.2
10342	15.2	40	0.2
10342	19.2	40	0.2
10343	26.6	50	0
10343	10	4	0.05
10343	14.4	15	0
10344	17.6	35	0
10344	32	70	0.25
10345	32	70	0
10345	7.3	80	0
10345	11.2	9	0
10346	31.2	36	0.1
10346	30.4	20	0
10347	11.2	10	0
10347	14.4	50	0.15
10347	14.7	4	0
10347	6.2	6	0.15
10348	14.4	15	0.15
10348	7.2	25	0
10349	5.9	24	0
10350	13	15	0.1
10350	28.8	18	0.1
10351	210.8	20	0.05
10351	7.7	13	0
10351	15.5	77	0.05
10351	16.8	10	0.05
10352	3.6	10	0
10352	5.9	20	0.15
10353	16.8	12	0.2
10353	210.8	50	0.2
10354	14.4	12	0
10354	99	4	0
10355	3.6	25	0
10355	15.6	25	0
10356	10	30	0
10356	19.2	12	0
10356	28.8	20	0
10357	24.8	30	0.2
10357	24.9	16	0
10357	27.2	8	0.2
10358	3.6	10	0.05
10358	11.2	10	0.05
10358	15.2	20	0.05
10359	13.9	56	0.05
10359	10	70	0.05
10359	27.2	80	0.05
10360	36.4	30	0
10360	99	35	0
10360	210.8	10	0
10360	16	35	0
10360	5.9	28	0
10361	14.4	54	0.1
10361	27.2	55	0.1
10362	11.2	50	0
10362	42.4	20	0
10362	5.9	24	0
10363	10	20	0
10363	6.2	12	0
10363	14.4	12	0
10364	28.8	30	0
10364	17.2	5	0
10365	16.8	24	0
10366	16.8	5	0
10366	10.4	5	0
10367	11.2	36	0
10367	5.9	18	0
10367	16.8	15	0
10367	10.4	7	0
10368	8	5	0.1
10368	36.4	13	0.1
10368	15.6	25	0
10368	26.6	35	0.1
10369	99	20	0
10369	30.4	18	0.25
10370	14.4	15	0.15
10370	26.6	30	0
10370	8	20	0.15
10371	15.2	6	0.2
10372	64.8	12	0.25
10372	210.8	40	0.25
10372	27.2	70	0.25
10372	27.8	42	0.25
10373	10.6	80	0.2
10373	17.2	50	0.2
10374	10	30	0
10374	10.6	15	0
10375	18.6	15	0
10375	5.9	10	0
10376	10	42	0.05
10377	36.4	20	0.15
10377	14.4	20	0.15
10378	17.2	6	0
10379	7.7	8	0.1
10379	35.1	16	0.1
10379	16.8	20	0.1
10380	20.7	18	0.1
10380	26.2	20	0.1
10380	27.2	6	0.1
10380	12	30	0
10381	8	14	0
10382	17	32	0
10382	50	9	0
10382	99	14	0
10382	2	60	0
10382	8	50	0
10383	4.8	20	0
10383	13	15	0
10383	30.4	20	0
10384	64.8	28	0
10384	27.2	15	0
10385	24	10	0.2
10385	27.2	20	0.2
10385	10	8	0.2
10386	3.6	15	0
10386	11.2	10	0
10387	3.6	15	0
10387	36.4	6	0
10387	44	12	0
10387	17.2	15	0
10388	7.6	15	0.2
10388	5.6	20	0.2
10388	26.2	40	0
10389	24.8	16	0
10389	19.2	15	0
10389	39.4	20	0
10389	12	30	0
10390	10	60	0.1
10390	14.4	40	0.1
10390	9.6	45	0
10390	27.8	24	0.1
10391	4.8	18	0
10392	28.8	50	0
10393	15.2	25	0.25
10393	18.6	42	0.25
10393	11.2	7	0.25
10393	24.9	70	0.25
10393	10	32	0
10394	4.8	10	0
10394	39.4	10	0
10395	9.6	28	0.1
10395	26.2	70	0.1
10395	28.8	8	0
10396	7.2	40	0
10396	17.2	60	0
10396	27.8	21	0
10397	8	10	0.15
10397	42.4	18	0.15
10398	14.4	30	0
10398	19.2	120	0.1
10399	10	60	0
10399	17.2	30	0
10399	14.4	35	0
10399	10.4	14	0
10400	99	21	0
10400	14.4	35	0
10400	16	30	0
10401	20.7	18	0
10401	30.4	70	0
10401	16.8	20	0
10401	17.2	60	0
10402	7.2	60	0
10402	35.1	65	0
10403	13.9	21	0.15
10403	10.2	70	0.15
10404	24.9	30	0.05
10404	11.2	40	0.05
10404	16	30	0.05
10405	8	50	0
10406	14.4	10	0
10406	8	30	0.1
10406	36.4	42	0.1
10406	15.2	5	0.1
10406	14.7	2	0.1
10407	16.8	30	0
10407	28.8	15	0
10407	17.2	15	0
10408	20.8	10	0
10408	5.9	6	0
10408	39.4	35	0
10409	18.6	12	0
10409	8	12	0
10410	2	49	0
10410	44	16	0
10411	7.7	25	0.2
10411	15.5	40	0.2
10411	44	9	0.2
10412	18.6	20	0.1
10413	14.4	24	0
10413	39.4	40	0
10413	14.4	14	0
10414	7.3	18	0.05
10414	2	50	0
10415	31.2	2	0
10415	2	20	0
10416	7.3	20	0
10416	26.2	10	0
10416	15.6	20	0
10417	210.8	50	0
10417	9.6	2	0.25
10417	10	36	0.25
10417	10.4	35	0
10418	15.2	60	0
10418	7.6	55	0
10418	22.8	16	0
10418	8	15	0
10419	27.2	60	0.05
10419	28.8	20	0.05
10420	77.6	20	0.1
10420	4.8	2	0.1
10420	12	8	0.1
10420	12	20	0.1
10421	7.3	4	0.15
10421	24.9	30	0
10421	26.2	15	0.15
10421	10.4	10	0.15
10422	24.9	2	0
10423	10	14	0
10423	44	20	0
10424	14.4	60	0.2
10424	210.8	49	0.2
10424	10	30	0.2
10425	19.2	10	0.25
10425	14.4	20	0.25
10426	30.4	5	0
10426	26.6	7	0
10427	18.6	35	0
10428	9.6	20	0
10429	13	40	0
10429	35.1	35	0.25
10430	31.2	45	0.2
10430	8	50	0
10430	30.4	30	0
10430	44	70	0.2
10431	31.2	50	0.25
10431	14.7	50	0.25
10431	7.6	30	0.25
10432	24.9	10	0
10432	5.9	40	0
10433	30.4	28	0
10434	16.8	6	0
10434	14.4	18	0.15
10435	15.2	10	0
10435	16.8	12	0
10435	27.8	10	0
10436	9.6	5	0
10436	30.4	40	0.1
10436	26.6	30	0.1
10436	6.2	24	0.1
10437	26.2	15	0
10438	7.3	15	0.2
10438	11.2	20	0.2
10438	15.6	15	0.2
10439	30.4	15	0
10439	13.9	16	0
10439	26.6	6	0
10439	8	30	0
10440	15.2	45	0.15
10440	13.9	49	0.15
10440	99	24	0.15
10440	22.8	90	0.15
10441	35.1	50	0
10442	16.8	30	0
10442	5.9	80	0
10442	13.6	60	0
10443	16.8	6	0.2
10443	36.4	12	0
10444	31.2	10	0
10444	24.9	15	0
10444	14.4	8	0
10444	7.7	30	0
10445	14.4	6	0
10445	5.9	15	0
10446	7.3	12	0.1
10446	3.6	20	0.1
10446	10	3	0.1
10446	5.6	15	0.1
10447	7.3	40	0
10447	16.8	35	0
10447	17.2	2	0
10448	24.9	6	0
10448	14.7	20	0
10449	24.8	14	0
10449	5.6	20	0
10449	39.4	35	0
10450	24.8	20	0.2
10450	5.9	6	0.2
10451	19.2	120	0.1
10451	26.6	35	0.1
10451	16.8	28	0.1
10451	10.4	55	0.1
10452	36.4	15	0
10452	15.5	100	0.05
10453	10.2	15	0.1
10453	12	25	0.1
10454	13.9	20	0.2
10454	2	20	0.2
10454	9.6	10	0.2
10455	14.4	20	0
10455	26.2	50	0
10455	22.8	25	0
10455	17.2	30	0
10456	8	40	0.15
10456	16	21	0.15
10457	44	36	0
10458	24.9	30	0
10458	36.4	30	0
10458	36.8	20	0
10458	30.4	15	0
10458	17.2	50	0
10459	24	16	0.05
10459	9.6	20	0.05
10459	27.8	40	0
10460	10	21	0.25
10460	6.2	4	0.25
10461	8	40	0.25
10461	20.7	28	0.25
10461	19.2	60	0.25
10462	4.8	1	0
10462	7.2	21	0
10463	7.3	21	0
10463	11.2	50	0
10464	17.6	16	0.2
10464	36.8	3	0
10464	30.4	30	0.2
10464	27.2	20	0
10465	3.6	25	0
10465	99	18	0.1
10465	14.7	20	0
10465	7.6	30	0.1
10465	13	25	0
10466	16.8	10	0
10466	9.6	5	0
10467	3.6	28	0
10467	11.2	12	0
10468	20.7	8	0
10468	36.8	15	0
10469	15.2	40	0.15
10469	13.9	35	0.15
10469	15.5	2	0.15
10470	50	30	0
10470	7.2	15	0
10470	26.6	8	0
10471	24	30	0
10471	30.4	20	0
10472	3.6	80	0.05
10472	42.4	18	0
10473	2	12	0
10473	17.2	12	0
10474	18.6	12	0
10474	36.4	18	0
10474	14.7	21	0
10474	6.2	10	0
10475	10	35	0.15
10475	13.6	60	0.15
10475	14.4	42	0.15
10476	19.2	2	0.05
10476	12	12	0
10477	14.4	15	0
10477	8	21	0.25
10477	14.4	20	0.25
10478	24.8	20	0.05
10479	210.8	30	0
10479	26.2	28	0
10479	44	60	0
10479	26.6	30	0
10480	7.6	30	0
10480	44	12	0
10481	16	24	0
10481	27.2	40	0
10482	14.7	10	0
10483	11.2	35	0.05
10483	10.4	30	0.05
10484	8	14	0
10484	14.7	10	0
10484	42.4	3	0
10485	15.2	20	0.1
10485	8	20	0.1
10485	19.2	30	0.1
10485	12	60	0.1
10486	16.8	5	0
10486	42.4	25	0
10486	8	16	0
10487	7.3	5	0
10487	24.9	30	0
10487	5.9	24	0.25
10488	44	30	0
10488	12	20	0.2
10489	16.8	15	0.25
10489	13.9	18	0
10490	44	60	0
10490	10	30	0
10490	6.2	36	0
10491	15.5	15	0.15
10491	10.4	7	0.15
10492	11.2	60	0.05
10492	11.2	20	0.05
10493	16.8	15	0.1
10493	13.6	10	0.1
10493	28.8	10	0.1
10494	30.4	30	0
10495	7.2	10	0
10495	7.7	20	0
10495	10.4	5	0
10496	10	20	0.05
10497	30.4	14	0
10497	27.8	25	0
10497	10.4	25	0
10498	4.5	14	0
10498	18.4	5	0
10498	14	30	0
10499	45.6	20	0
10499	20	25	0
10500	15.5	12	0.05
10500	45.6	8	0.05
10501	7.45	20	0
10502	9.5	21	0
10502	32.8	6	0
10502	14	30	0
10503	23.25	70	0
10503	21.05	20	0
10504	19	12	0
10504	10	12	0
10504	32.8	10	0
10504	28.5	25	0
10505	49.3	3	0
10506	14	18	0.1
10506	15	14	0.1
10507	46	15	0.15
10507	12.75	15	0.15
10508	6	10	0
10508	18	10	0
10509	45.6	3	0
10510	123.79	36	0
10510	7.75	36	0.1
10511	22	50	0.15
10511	30	50	0.15
10511	40	10	0.15
10512	4.5	10	0.15
10512	12	9	0.15
10512	9.5	6	0.15
10512	34	12	0.15
10513	10	40	0.2
10513	32	50	0.2
10513	28.5	15	0.2
10514	81	39	0
10514	45.6	35	0
10514	38	70	0
10514	21.05	39	0
10514	7.75	50	0
10515	97	16	0.15
10515	17.45	50	0
10515	43.9	120	0
10515	2.5	16	0.15
10515	34	84	0.15
10516	62.5	25	0.1
10516	9.65	80	0.1
10516	14	20	0
10517	7	6	0
10517	55	4	0
10517	15	6	0
10518	4.5	5	0
10518	263.5	15	0
10518	19.45	9	0
10519	31	16	0.05
10519	38	40	0
10519	34	10	0.05
10520	4.5	8	0
10520	32.8	5	0
10521	18	3	0
10521	9.65	10	0
10521	12.5	6	0
10522	18	40	0.2
10522	40	24	0
10522	25.89	20	0.2
10522	18.4	25	0.2
10523	39	25	0.1
10523	81	15	0.1
10523	26	18	0.1
10523	9.65	6	0.1
10524	31	2	0
10524	25.89	10	0
10524	46	60	0
10524	7.45	15	0
10525	19	30	0
10525	18.4	15	0.1
10526	18	8	0.15
10526	6	10	0
10526	38	30	0.15
10527	22	50	0.1
10527	19	30	0.1
10528	21	3	0
10528	2.5	8	0.2
10528	34.8	9	0
10529	24	14	0
10529	12.5	20	0
10529	36	10	0
10530	39	40	0
10530	46	25	0
10530	28.5	20	0
10530	18	50	0
10531	55	2	0
10532	25.89	15	0
10532	17	24	0
10533	22	50	0.05
10533	34.8	24	0
10533	15	24	0.05
10534	25.89	10	0
10534	18.4	10	0.2
10534	7.45	10	0.2
10535	21	50	0.1
10535	18.4	10	0.1
10535	19.5	5	0.1
10535	55	15	0.1
10536	38	15	0.25
10536	12.5	20	0
10536	2.5	30	0
10536	34	35	0.25
10537	12.5	30	0
10537	53	6	0
10537	13.25	20	0
10537	34.8	21	0
10537	15	9	0
10538	15	7	0
10538	34.8	1	0
10539	6	8	0
10539	10	15	0
10539	2.5	15	0
10539	20	6	0
10540	10	60	0
10540	31.23	40	0
10540	263.5	30	0
10540	12.5	35	0
10541	4.5	35	0.1
10541	263.5	4	0.1
10541	21.05	36	0.1
10541	21.5	9	0.1
10542	21	15	0.05
10542	7.45	24	0.05
10543	38	30	0.15
10543	9	70	0.15
10544	45.6	7	0
10544	14	7	0
10545	21	10	0
10546	30	10	0
10546	18	30	0
10546	49.3	40	0
10547	32	24	0.15
10547	19	60	0
10548	14	10	0.25
10548	9.65	14	0
10549	12.5	55	0.15
10549	9.5	100	0.15
10549	53	48	0.15
10550	39	8	0.1
10550	9.2	10	0
10550	10	6	0.1
10550	28.5	10	0.1
10551	17.45	40	0.15
10551	18	20	0.15
10551	19.45	40	0
10552	36	18	0
10552	7.75	30	0
10553	21	15	0
10553	17.45	14	0
10553	21	24	0
10553	12.5	30	0
10553	18	6	0
10554	17.45	30	0.05
10554	9	20	0.05
10554	49.3	20	0.05
10554	13	10	0.05
10555	23.25	30	0.2
10555	9.2	35	0.2
10555	4.5	18	0.2
10555	53	20	0.2
10555	38	40	0.2
10556	34.8	24	0
10557	33.25	30	0
10557	7.75	20	0
10558	9.5	25	0
10558	53	20	0
10558	7	30	0
10558	32.8	18	0
10558	15	3	0
10559	9.65	12	0.05
10559	24	18	0.05
10560	25.89	20	0
10560	49.3	15	0.25
10561	19.45	10	0
10561	53	50	0
10562	2.5	20	0.1
10562	49.3	10	0.1
10563	19	25	0
10563	7	70	0
10564	39	16	0.05
10564	12.5	6	0.05
10564	24	25	0.05
10565	4.5	25	0.1
10565	33.25	18	0.1
10566	21	35	0.15
10566	62.5	18	0.15
10566	18	10	0
10567	12.5	60	0.2
10567	53	3	0
10567	55	40	0.2
10568	31	5	0
10569	12.5	35	0.2
10569	18	30	0
10570	21	15	0.05
10570	38	60	0.05
10571	23.25	11	0.15
10571	14	28	0.15
10572	17.45	12	0.1
10572	32	10	0.1
10572	18.4	50	0
10572	7.75	15	0.1
10573	39	18	0
10573	14	40	0
10573	32.8	25	0
10574	2.5	14	0
10574	18.4	2	0
10574	49.3	10	0
10574	33.25	6	0
10575	55	12	0
10575	43.9	6	0
10575	34.8	30	0
10575	18	10	0
10576	18	10	0
10576	12.5	20	0
10576	19.45	21	0
10577	18	10	0
10577	7.75	20	0
10577	13	18	0
10578	18	20	0
10578	19.5	6	0
10579	15.5	10	0
10579	7.75	21	0
10580	23.25	15	0.05
10580	9.65	9	0.05
10580	21.05	30	0.05
10581	7.75	50	0.2
10582	19.5	4	0
10582	18	14	0
10583	123.79	10	0
10583	34	24	0.15
10583	36	10	0.15
10584	12.5	50	0.05
10585	9.5	15	0
10586	7	4	0.15
10587	31.23	6	0
10587	18	20	0
10587	13	20	0
10588	62.5	40	0.2
10588	14	100	0.2
10589	18	4	0
10590	18	20	0
10590	13	60	0.05
10591	10	14	0
10591	30	10	0
10591	7.45	50	0
10592	15.5	25	0.05
10592	31.23	5	0.05
10593	81	21	0.2
10593	36	20	0.2
10593	18	4	0.2
10594	7	24	0
10594	13.25	30	0
10595	18	30	0.25
10595	28.5	120	0.25
10595	36	65	0.25
10596	38	5	0.2
10596	43.9	24	0.2
10596	7.75	30	0.2
10597	4.5	35	0.2
10597	19.5	20	0
10597	21.05	12	0.2
10598	43.9	50	0
10598	21.5	9	0
10599	49.3	10	0
10600	7.45	4	0
10600	15	30	0
10601	6	60	0
10601	55	35	0
10602	13	5	0.25
10603	21	48	0
10603	20	25	0.05
10604	12.75	6	0.1
10604	18	10	0.1
10605	17.45	30	0.05
10605	55	20	0.05
10605	34	70	0.05
10605	21.5	15	0.05
10606	22	20	0.2
10606	24	20	0.2
10606	49.3	10	0.2
10607	30	45	0
10607	39	100	0
10607	2.5	14	0
10607	18.4	42	0
10607	34.8	12	0
10608	38	28	0
10609	18	3	0
10609	31	10	0
10609	10	6	0
10610	19	21	0.25
10611	18	6	0
10611	19	10	0
10611	34	15	0
10612	31	70	0
10612	19	55	0
10612	20	18	0
10612	34	40	0
10612	18	80	0
10613	6	8	0.1
10613	7.75	40	0
10614	21	14	0
10614	10	8	0
10614	18	5	0
10615	24	5	0
10616	263.5	15	0.05
10616	38	14	0
10616	15	15	0.05
10616	21.5	15	0.05
10617	55	30	0.15
10618	25	70	0
10618	38	20	0
10618	12.5	15	0
10619	10	42	0
10619	21	40	0
10620	4.5	5	0
10620	7	5	0
10621	9.2	5	0
10621	9	10	0
10621	15	20	0
10621	21.5	15	0
10622	19	20	0
10622	12.5	18	0.2
10623	23.25	21	0
10623	9.2	15	0.1
10623	10	25	0.1
10623	4.5	3	0
10623	18	30	0.1
10624	45.6	10	0
10624	123.79	6	0
10624	19.45	10	0
10625	23.25	3	0
10625	14	5	0
10625	34	10	0
10626	32.8	12	0
10626	34	20	0
10626	21.5	20	0
10627	49.3	15	0
10627	15	35	0.15
10628	18	25	0
10629	123.79	20	0
10629	33.25	9	0
10630	24	12	0.05
10630	18	35	0
10631	7.75	8	0.1
10632	19	30	0.05
10632	2.5	20	0.05
10633	38	36	0.15
10633	6	13	0.15
10633	31.23	35	0.15
10633	49.3	80	0.15
10634	30	35	0
10634	62.5	50	0
10634	53	15	0
10634	7.75	2	0
10635	22	10	0.1
10635	21.35	15	0.1
10635	21	40	0
10636	22	25	0
10636	13.25	6	0
10637	21	10	0
10637	16.25	25	0.05
10637	38	60	0.05
10638	9.5	20	0
10638	21.05	21	0
10638	34.8	60	0
10639	62.5	8	0
10640	36	20	0.25
10640	15	15	0.25
10641	19	50	0
10641	18.4	60	0
10642	10	30	0.2
10642	28.5	20	0.2
10643	45.6	15	0.25
10643	18	21	0.25
10643	12	2	0.25
10644	62.5	4	0.1
10644	46	20	0
10644	12	21	0.1
10645	62.5	20	0
10645	19	15	0
10646	18	15	0.25
10646	31	18	0.25
10646	21.5	30	0.25
10646	13	35	0.25
10647	9.2	30	0
10647	18	20	0
10648	21	15	0
10648	4.5	15	0.15
10649	45.6	20	0
10649	34.8	15	0
10650	25.89	30	0
10650	32.8	25	0.05
10650	7.45	30	0
10651	9.2	12	0.25
10651	21	20	0.25
10652	25.89	2	0.25
10652	14	20	0
10653	17.45	30	0.1
10653	34	20	0.1
10654	22	12	0.1
10654	18	20	0.1
10654	7.45	6	0.1
10655	9.65	20	0.2
10656	23.25	3	0.1
10656	19.45	28	0.1
10656	9.5	6	0.1
10657	15.5	50	0
10657	9.65	24	0
10657	12	45	0
10657	9.5	10	0
10657	38	45	0
10657	34	30	0
10658	10	60	0
10658	18.4	70	0.05
10658	34	55	0.05
10658	13	70	0.05
10659	12.5	20	0.05
10659	18.4	24	0.05
10659	15	40	0.05
10660	81	21	0
10661	18	3	0.2
10661	13.25	49	0.2
10662	12.5	10	0
10663	18.4	30	0.05
10663	14	30	0.05
10663	53	20	0.05
10664	31	24	0.15
10664	38	12	0.15
10664	21.05	15	0.15
10665	53	20	0
10665	55	1	0
10665	18	10	0
10666	123.79	36	0
10666	21.05	10	0
10667	36	45	0.2
10667	21.5	14	0.2
10668	12.5	8	0.1
10668	24	4	0.1
10668	33.25	15	0.1
10669	19	30	0
10670	9	32	0
10670	12	60	0
10670	14	25	0
10670	15	50	0
10670	7.75	25	0
10671	17.45	10	0
10671	49.3	10	0
10671	21.05	12	0
10672	263.5	15	0.1
10672	21.5	12	0
10673	17.45	3	0
10673	14	6	0
10673	46	6	0
10674	9	5	0
10675	23.25	30	0
10675	32.8	10	0
10675	13.25	30	0
10676	31	2	0
10676	9.2	7	0
10676	19.45	21	0
10677	31.23	30	0.15
10677	2.5	8	0.15
10678	38	100	0
10678	2.5	30	0
10678	9.65	120	0
10678	7.45	30	0
10679	55	12	0
10680	17.45	50	0.25
10680	12.5	20	0.25
10680	14	40	0.25
10681	9.2	30	0.1
10681	10	12	0.1
10681	33.25	28	0
10682	2.5	30	0
10682	17	4	0
10682	7.75	30	0
10683	7	9	0
10684	18.4	20	0
10684	9.5	40	0
10684	34	30	0
10685	31	20	0
10685	9.65	4	0
10685	9.5	15	0
10686	39	30	0.2
10686	31.23	15	0
10687	97	50	0.25
10687	123.79	10	0
10687	19	6	0.25
10688	31	18	0.1
10688	45.6	60	0.1
10688	14	14	0
10689	18	35	0.25
10690	38	20	0.25
10690	13	30	0.25
10691	18	30	0
10691	123.79	40	0
10691	46	40	0
10691	19.45	24	0
10691	49.3	48	0
10692	43.9	20	0
10693	97	6	0
10693	7.45	60	0.15
10693	36	30	0.15
10693	15	15	0.15
10694	30	90	0
10694	55	25	0
10694	15	50	0
10695	40	10	0
10695	38	4	0
10695	4.5	20	0
10696	39	20	0
10696	12	18	0
10697	9.2	7	0.25
10697	18	9	0.25
10697	13.25	30	0.25
10697	15	30	0.25
10698	21	15	0
10698	39	8	0.05
10698	123.79	12	0.05
10698	21.05	65	0.05
10698	15	8	0.05
10699	9.5	12	0
10700	18	5	0.2
10700	14	12	0.2
10700	12.5	40	0.2
10700	21.5	60	0.2
10701	55	42	0.15
10701	21.5	20	0.15
10701	18	35	0.15
10702	10	6	0
10702	18	15	0
10703	19	5	0
10703	55	35	0
10703	15	35	0
10704	22	6	0
10704	4.5	35	0
10704	12.75	24	0
10705	12.5	20	0
10705	32	4	0
10706	17.45	20	0
10706	46	24	0
10706	55	8	0
10707	24	21	0
10707	19.5	40	0
10707	15	28	0.15
10708	21.35	4	0
10708	19	5	0
10709	40	40	0
10709	53	28	0
10709	34	10	0
10710	9.2	5	0
10710	9.5	5	0
10711	9.2	12	0
10711	9.65	42	0
10711	32.8	120	0
10712	32.8	3	0.05
10712	38	30	0
10713	31	18	0
10713	31.23	30	0
10713	9.5	110	0
10713	12	24	0
10714	19	30	0.25
10714	39	27	0.25
10714	9.5	50	0.25
10714	38	18	0.25
10714	13.25	12	0.25
10715	31	21	0
10715	21.5	30	0
10716	10	5	0
10716	53	7	0
10716	28.5	10	0
10717	10	32	0.05
10717	7.45	15	0
10717	36	25	0.05
10718	38	36	0
10718	17.45	20	0
10718	19	40	0
10718	49.3	20	0
10719	62.5	12	0.25
10719	25.89	3	0.25
10719	7.45	40	0.25
10720	18	21	0
10720	21.5	8	0
10721	19.45	50	0.05
10722	19	3	0
10722	12.5	50	0
10722	12.5	45	0
10722	7.75	42	0
10723	31.23	15	0
10724	31	16	0
10724	28.5	5	0
10725	9.65	12	0
10725	7	4	0
10725	24	6	0
10726	22	25	0
10726	21	5	0
10727	39	20	0.05
10727	38	10	0.05
10727	55	10	0.05
10728	25.89	15	0
10728	18.4	6	0
10728	24	12	0
10728	34	15	0
10729	18	50	0
10729	10	30	0
10729	16.25	40	0
10730	17.45	15	0.05
10730	12.5	3	0.05
10730	21.05	10	0.05
10731	10	40	0.05
10731	53	30	0.05
10732	18	20	0
10733	23.25	16	0
10733	45.6	20	0
10733	7	25	0
10734	25	30	0
10734	25.89	15	0
10734	18	20	0
10735	28.5	20	0.1
10735	13	2	0.1
10736	21.05	40	0
10736	7.75	20	0
10737	6	4	0
10737	9.65	12	0
10738	17.45	3	0
10739	19	6	0
10739	7	18	0
10740	45.6	5	0.2
10740	18	35	0.2
10740	9.5	40	0.2
10740	38	14	0.2
10741	19	15	0.2
10742	10	20	0
10742	34	50	0
10742	34.8	35	0
10743	12	28	0.05
10744	18.4	50	0.2
10745	62.5	24	0
10745	19.45	16	0
10745	55	45	0
10745	34.8	7	0
10746	6	6	0
10746	14	28	0
10746	49.3	9	0
10746	36	40	0
10747	12.5	8	0
10747	9.65	35	0
10747	43.9	9	0
10747	36	30	0
10748	9	44	0
10748	18.4	40	0
10748	38	28	0
10749	38	15	0
10749	55	6	0
10749	18	10	0
10750	23.25	5	0.15
10750	9.5	40	0.15
10750	55	25	0.15
10751	31.23	12	0.1
10751	25.89	30	0
10751	16.25	20	0.1
10751	15	15	0
10752	18	8	0
10752	36	3	0
10753	9.5	4	0
10753	10	5	0
10754	18.4	3	0
10755	9.5	30	0.25
10755	38	30	0.25
10755	19.5	14	0.25
10755	36	25	0.25
10756	62.5	21	0.2
10756	19	20	0.2
10756	12.5	6	0.2
10756	36	20	0.2
10757	14	30	0
10757	55	7	0
10757	49.3	30	0
10757	33.25	24	0
10758	31.23	20	0
10758	7	60	0
10758	15	40	0
10759	32	10	0
10760	14	12	0.25
10760	43.9	40	0
10760	46	30	0.25
10761	14	35	0.25
10761	7.75	18	0
10762	18	16	0
10762	9.5	30	0
10762	53	28	0
10762	38	60	0
10763	10	40	0
10763	21	6	0
10763	4.5	20	0
10764	10	20	0.1
10764	18	130	0.1
10765	21.05	80	0.1
10766	19	40	0
10766	30	35	0
10766	12.5	40	0
10767	14	2	0
10768	21	4	0
10768	12.5	50	0
10768	34	15	0
10768	21.5	12	0
10769	9.65	30	0.05
10769	7	15	0.05
10769	28.5	20	0
10769	49.3	15	0
10770	21	15	0.25
10771	21.5	16	0
10772	123.79	18	0
10772	55	25	0
10773	39	33	0
10773	12.5	70	0.2
10773	7.75	7	0.2
10774	12.5	2	0.25
10774	17	50	0
10775	31	6	0
10775	14	3	0
10776	12.5	16	0.05
10776	14	12	0.05
10776	9.5	27	0.05
10776	53	120	0.05
10777	14	20	0.2
10778	9.65	10	0
10779	17.45	20	0
10779	49.3	20	0
10780	15	35	0
10780	13	15	0
10781	7.45	3	0.2
10781	38	20	0.2
10781	10	35	0
10782	12.5	1	0
10783	12.5	10	0
10783	263.5	5	0
10784	19	30	0
10784	18	2	0.15
10784	34.8	30	0.15
10785	31	10	0
10785	7.75	10	0
10786	40	30	0.2
10786	25.89	15	0.2
10786	7.75	42	0.2
10787	19	15	0.05
10787	123.79	20	0.05
10788	9.2	50	0.05
10788	7.75	40	0.05
10789	62.5	30	0
10789	18	15	0
10789	43.9	30	0
10789	12.5	18	0
10790	30	3	0.15
10790	38	20	0.15
10791	123.79	14	0.05
10791	9.65	20	0.05
10792	19	10	0
10792	7.45	3	0
10792	12.5	15	0
10793	9.65	14	0
10793	7	8	0
10794	23.25	15	0.2
10794	7.45	6	0.2
10795	17.45	65	0
10795	39	35	0.25
10796	31.23	21	0.2
10796	19.45	10	0
10796	33.25	35	0.2
10796	36	24	0.2
10797	21	20	0
10798	49.3	2	0
10798	34.8	10	0
10799	6	20	0.15
10799	4.5	20	0.15
10799	55	25	0
10800	21	50	0.1
10800	53	10	0.1
10800	7.45	7	0.1
10801	39	40	0.25
10801	123.79	20	0.25
10802	25.89	25	0.25
10802	53	30	0.25
10802	24	60	0.25
10802	49.3	5	0.25
10803	9.2	24	0.05
10803	14	15	0.05
10803	55	15	0.05
10804	31	36	0
10804	45.6	24	0
10804	20	4	0.15
10805	14	10	0
10805	263.5	10	0
10806	19	20	0.25
10806	21.05	2	0
10806	10	15	0.25
10807	18.4	1	0
10808	38	20	0.15
10808	18	50	0.15
10809	7	20	0
10810	6	7	0
10810	14	5	0
10810	15	5	0
10811	9.2	15	0
10811	9	18	0
10811	18.4	30	0
10812	12.5	16	0.1
10812	34.8	40	0.1
10812	13	20	0
10813	19	12	0.2
10813	12	35	0
10814	9.65	20	0
10814	46	20	0.15
10814	12.75	8	0.15
10814	28.5	30	0.15
10815	2.5	16	0
10816	263.5	30	0.05
10816	49.3	20	0.05
10817	31.23	40	0.15
10817	263.5	30	0
10817	18.4	60	0.15
10817	49.3	25	0.15
10818	32	20	0
10818	9.65	20	0
10819	46	7	0
10819	7.75	20	0
10820	38	30	0
10821	18	20	0
10821	53	6	0
10822	49.3	3	0
10822	15	6	0
10823	21	20	0.1
10823	19.5	15	0
10823	55	40	0.1
10823	13	15	0.1
10824	9.65	12	0
10824	15	9	0
10825	31.23	12	0
10825	32.8	20	0
10826	12.5	35	0
10826	19.5	15	0
10827	31	15	0
10827	18	21	0
10828	81	5	0
10828	263.5	2	0
10829	19	10	0
10829	40	20	0
10829	6	10	0
10829	34	21	0
10830	25	6	0
10830	18	28	0
10830	34	30	0
10830	12.5	24	0
10831	9.2	2	0
10831	18	8	0
10831	263.5	8	0
10831	46	9	0
10832	6	3	0.2
10832	14	10	0.2
10832	19.45	16	0.2
10832	33.25	3	0
10833	30	20	0.1
10833	12.5	9	0.1
10833	32.8	9	0.1
10834	123.79	8	0.05
10834	25.89	20	0.05
10835	55	15	0
10835	13	2	0.2
10836	21	52	0
10836	18	6	0
10836	19.5	24	0
10836	34	60	0
10836	33.25	30	0
10837	6	6	0
10837	18.4	25	0
10837	9.5	40	0.25
10837	18	21	0.25
10838	18	4	0.25
10838	62.5	25	0.25
10838	19	50	0.25
10839	13.25	30	0.1
10839	34.8	15	0.1
10840	14	6	0.2
10840	18	10	0.2
10841	31	16	0
10841	38	30	0
10841	55	50	0
10841	13	15	0
10842	21	15	0
10842	46	5	0
10842	12.5	20	0
10842	15	12	0
10843	53	4	0.25
10844	21	35	0
10845	9	70	0.1
10845	18	25	0.1
10845	14	42	0.1
10845	13.25	60	0.1
10845	33.25	48	0
10846	22	21	0
10846	15	30	0
10846	10	20	0
10847	18	80	0.2
10847	9.2	12	0.2
10847	26	60	0.2
10847	9.5	36	0.2
10847	34	45	0.2
10847	21.5	55	0.2
10848	21.35	30	0
10848	97	3	0
10849	10	49	0
10849	31.23	18	0.15
10850	14	20	0.15
10850	2.5	4	0.15
10850	15	30	0.15
10851	19	5	0.05
10851	14	10	0.05
10851	19.5	10	0.05
10851	55	42	0.05
10852	19	15	0
10852	39	6	0
10852	49.3	50	0
10853	62.5	10	0
10854	31	100	0.15
10854	6	65	0.15
10855	17.45	50	0
10855	12.5	14	0
10855	38	24	0
10855	21.05	15	0.15
10856	19	20	0
10856	14	20	0
10857	10	30	0
10857	31.23	35	0.25
10857	123.79	10	0.25
10858	30	5	0
10858	43.9	10	0
10858	15	4	0
10859	4.5	40	0.25
10859	7.45	35	0.25
10859	33.25	30	0.25
10860	53	3	0
10860	18	20	0
10861	39	42	0
10861	62.5	20	0
10861	10	40	0
10861	2.5	35	0
10861	49.3	3	0
10862	21	25	0
10862	7	8	0
10863	18	20	0.15
10863	13.25	12	0.15
10864	18	4	0
10864	14	15	0
10865	263.5	60	0.05
10865	18	80	0.05
10866	19	21	0.25
10866	4.5	6	0.25
10866	25.89	40	0.25
10867	32.8	3	0
10868	31.23	20	0
10868	18	30	0
10868	20	42	0.1
10869	18	40	0
10869	21	10	0
10869	9	50	0
10869	12.5	20	0
10870	18	3	0
10870	53	2	0
10871	25	50	0.05
10871	17.45	12	0.05
10871	39	16	0.05
10872	24	10	0.05
10872	49.3	20	0.05
10872	33.25	15	0.05
10872	21.05	21	0.05
10873	10	20	0
10873	45.6	3	0
10874	31	10	0
10875	9.2	25	0
10875	9.5	21	0.1
10875	20	15	0
10876	12	21	0
10876	33.25	20	0
10877	17.45	30	0.25
10877	62.5	25	0
10878	81	20	0.05
10879	18.4	12	0
10879	21.05	10	0
10879	18	10	0
10880	9	30	0.2
10880	28.5	30	0.2
10880	15	50	0.2
10881	15	10	0
10882	14	25	0
10882	20	20	0.15
10882	7.45	32	0.15
10883	4.5	8	0
10884	10	40	0.05
10884	38	21	0.05
10884	21.05	12	0.05
10885	19	20	0
10885	4.5	12	0
10885	15	30	0
10885	13	25	0
10886	31	70	0
10886	12.5	35	0
10886	13	40	0
10887	14	5	0
10888	19	20	0
10888	12.5	18	0
10889	21	40	0
10889	263.5	40	0
10890	39	15	0
10890	14	10	0
10890	9.65	14	0
10891	25.89	15	0.05
10892	55	40	0.05
10893	40	30	0
10893	4.5	10	0
10893	123.79	24	0
10893	25.89	35	0
10893	19	20	0
10894	6	28	0.05
10894	36	50	0.05
10894	7.75	120	0.05
10895	4.5	110	0
10895	18	45	0
10895	18.4	91	0
10895	34	100	0
10896	9.5	15	0
10896	38	16	0
10897	123.79	80	0
10897	25.89	36	0
10898	6	5	0
10899	18	8	0.15
10900	15	3	0.25
10901	9.65	30	0
10901	21.5	30	0
10902	24	30	0.15
10902	49.3	6	0.15
10903	6	40	0
10903	21.05	21	0
10903	12.5	20	0
10904	13.25	15	0
10904	49.3	35	0
10905	18	20	0.05
10906	28.5	15	0
10907	7.75	14	0
10908	30	20	0.05
10908	7	14	0.05
10909	30	12	0
10909	17.45	15	0
10909	9.65	5	0
10910	9.2	12	0
10910	20	10	0
10910	28.5	5	0
10911	18	10	0
10911	39	12	0
10911	14	15	0
10912	21	40	0.25
10912	123.79	60	0.25
10913	22	30	0.25
10913	2.5	40	0.25
10913	13.25	15	0
10914	21.5	25	0
10915	39	10	0
10915	2.5	30	0
10915	7.45	10	0
10916	17.45	6	0
10916	32	6	0
10916	19.5	20	0
10917	25.89	1	0
10917	34	10	0
10918	18	60	0.25
10918	34	25	0.25
10919	17.45	24	0
10919	14	24	0
10919	18.4	20	0
10920	16.25	24	0
10921	18	10	0
10921	43.9	40	0
10922	39	15	0
10922	4.5	35	0
10923	14	10	0.2
10923	46	10	0.2
10923	14	24	0.2
10924	31	20	0.1
10924	45.6	30	0.1
10924	7.75	6	0
10925	19	25	0.15
10925	7	12	0.15
10926	21	2	0
10926	6	10	0
10926	9.2	7	0
10926	34.8	10	0
10927	81	5	0
10927	7	5	0
10927	18	20	0
10928	9.5	5	0
10928	18	5	0
10929	10	60	0
10929	7.75	49	0
10929	13	15	0
10930	10	36	0
10930	43.9	25	0
10930	24	25	0.2
10930	13.25	30	0.2
10931	6	42	0.15
10931	19.5	30	0
10932	17.45	30	0.1
10932	49.3	14	0.1
10932	34.8	16	0
10932	7.75	20	0.1
10933	32.8	2	0
10933	28.5	30	0
10934	25	20	0
10935	18	21	0
10935	62.5	4	0.25
10935	9	8	0.25
10936	19	30	0.2
10937	45.6	8	0
10937	14	20	0
10938	6	20	0.25
10938	46	24	0.25
10938	34	49	0.25
10938	21.5	35	0.25
10939	19	10	0.15
10939	14	40	0.15
10940	30	8	0
10940	6	20	0
10941	12.5	44	0.25
10941	49.3	30	0.25
10941	12.5	80	0.25
10941	34.8	50	0
10942	20	28	0
10943	6	15	0
10943	21	21	0
10943	12	15	0
10944	21	5	0.25
10944	19.45	18	0.25
10944	38	18	0
10945	6	20	0
10945	12.5	10	0
10946	31	25	0
10946	4.5	25	0
10946	13	40	0
10947	55	4	0
10948	16.25	9	0
10948	53	40	0
10948	24	4	0
10949	25	12	0
10949	31	30	0
10949	39	6	0
10949	49.3	60	0
10950	22	5	0
10951	2.5	15	0.05
10951	9.65	6	0.05
10951	7.75	50	0.05
10952	25	16	0.05
10952	45.6	2	0
10953	81	50	0.05
10953	12.5	50	0.05
10954	17.45	28	0.15
10954	12.5	25	0.15
10954	9.5	30	0
10954	34	24	0.15
10955	7.75	12	0.2
10956	10	12	0
10956	9.5	14	0
10956	53	8	0
10957	25.89	30	0
10957	18	40	0
10957	33.25	8	0
10958	21.35	20	0
10958	30	6	0
10958	34.8	5	0
10959	7.75	20	0.15
10960	4.5	10	0.25
10960	9.65	24	0
10961	7	6	0.05
10961	18	60	0
10962	30	45	0
10962	6	77	0
10962	32.8	20	0
10962	36	9	0
10962	18	44	0
10963	34	2	0.15
10964	62.5	6	0
10964	263.5	5	0
10964	36	10	0
10965	53	16	0
10966	26	8	0
10966	38	12	0.15
10966	49.3	12	0.15
10967	9.2	12	0
10967	20	40	0
10968	38	30	0
10968	4.5	30	0
10968	33.25	4	0
10969	12	9	0
10970	7	40	0.2
10971	123.79	14	0
10972	39	6	0
10972	2.5	7	0
10973	31.23	5	0
10973	9.65	6	0
10973	7.75	10	0
10974	43.9	10	0
10975	40	16	0
10975	7.75	10	0
10976	45.6	20	0
10977	18	30	0
10977	9.5	30	0
10977	53	10	0
10977	43.9	20	0
10978	40	20	0.15
10978	10	40	0.15
10978	18.4	10	0
10978	19.45	6	0.15
10979	30	18	0
10979	38	20	0
10979	4.5	80	0
10979	43.9	30	0
10979	12.5	24	0
10979	43.9	35	0
10980	7.75	40	0.2
10981	263.5	60	0
10982	30	20	0
10982	46	9	0
10983	6	84	0.15
10983	19.5	15	0
10984	17.45	55	0
10984	4.5	20	0
10984	19	40	0
10985	17.45	36	0.1
10985	62.5	8	0.1
10985	32	35	0.1
10986	21	30	0
10986	81	15	0
10986	18	10	0
10986	13	15	0
10987	30	60	0
10987	46	6	0
10987	34.8	20	0
10988	30	60	0
10988	49.3	40	0.1
10989	25	40	0
10989	21	15	0
10989	9.65	4	0
10990	10	65	0
10990	14	60	0.15
10990	24	65	0.15
10990	28.5	66	0.15
10991	19	50	0.2
10991	15	20	0.2
10991	18	90	0.2
10992	34.8	2	0
10993	123.79	50	0.25
10993	9.65	35	0.25
10994	55	18	0.05
10995	53	20	0
10995	34	4	0
10996	14	40	0
10997	32	50	0
10997	12	20	0.25
10997	7	20	0.25
10998	4.5	12	0
10998	28.5	7	0
10998	10	20	0
10998	7.75	30	0
10999	9.65	20	0.05
10999	53	15	0.05
10999	13	21	0.05
11000	22	25	0.25
11000	4.5	30	0.25
11000	13	30	0
11001	30	60	0
11001	21	25	0
11001	12	25	0
11001	24	6	0
11002	6	56	0
11002	18	15	0.15
11002	14	24	0.15
11002	24	40	0
11003	18	4	0
11003	18.4	10	0
11003	7	10	0
11004	31.23	6	0
11004	18	6	0
11005	18	2	0
11005	55	10	0
11006	18	8	0
11006	123.79	2	0.25
11007	40	30	0
11007	123.79	10	0
11007	14	14	0
11008	45.6	70	0.05
11008	14	90	0.05
11008	21.5	21	0
11009	4.5	12	0
11009	19	18	0.25
11009	34	9	0
11010	30	20	0
11010	4.5	10	0
11011	13.25	40	0.05
11011	21.5	20	0
11012	9.2	50	0.05
11012	34	36	0.05
11012	21.5	60	0.05
11013	9	10	0
11013	14	4	0
11013	9.5	20	0
11013	12.5	2	0
11014	9.65	28	0.1
11015	25.89	15	0
11015	13	18	0
11016	12.5	15	0
11016	19	16	0
11017	10	25	0
11017	55	110	0
11017	15	30	0
11018	38	20	0
11018	62.5	10	0
11018	38	5	0
11019	12	3	0
11019	20	2	0
11020	31	24	0.15
11021	19	11	0.25
11021	81	15	0
11021	31.23	63	0
11021	53	44	0.25
11021	34.8	35	0
11022	9.2	35	0
11022	36	30	0
11023	30	4	0
11023	46	30	0
11024	31.23	12	0
11024	2.5	30	0
11024	21.05	21	0
11024	21.5	50	0
11025	18	10	0.1
11025	6	20	0.1
11026	62.5	8	0
11026	53	10	0
11027	4.5	30	0.25
11027	49.3	21	0.25
11028	24	35	0
11028	55	24	0
11029	38	20	0
11029	43.9	12	0
11030	19	100	0.25
11030	21.35	70	0
11030	123.79	60	0.25
11030	55	100	0.25
11031	18	45	0
11031	6	80	0
11031	4.5	21	0
11031	33.25	20	0
11031	21.5	16	0
11032	19	35	0
11032	263.5	25	0
11032	55	30	0
11033	32.8	70	0.1
11033	36	36	0.1
11034	10	15	0.1
11034	19.45	12	0
11034	28.5	6	0
11035	18	10	0
11035	18	60	0
11035	14	30	0
11035	7.45	10	0
11036	6	7	0
11036	55	30	0
11037	15	4	0
11038	18.4	5	0.2
11038	7	2	0
11038	21.5	30	0
11039	45.6	20	0
11039	18	24	0
11039	20	60	0
11039	19.5	28	0
11040	10	20	0
11041	19	30	0.2
11041	43.9	30	0
11042	19.45	15	0
11042	28.5	4	0
11043	21	10	0
11044	49.3	12	0
11045	2.5	15	0
11045	53	24	0
11046	38	20	0.05
11046	32	15	0.05
11046	18	18	0.05
11047	18	25	0.25
11047	21.35	30	0.25
11048	12.5	42	0
11049	19	10	0.2
11049	38	4	0.2
11050	18	50	0.1
11051	4.5	10	0.2
11052	46	30	0.2
11052	28.5	10	0.2
11053	62.5	35	0.2
11053	32	20	0
11053	33.25	25	0.2
11054	2.5	10	0
11054	14	20	0
11055	4.5	15	0
11055	14	15	0
11055	53	20	0
11055	19.5	20	0
11056	30	40	0
11056	24	35	0
11056	34	50	0
11057	15	3	0
11058	10	3	0
11058	34	21	0
11058	28.5	4	0
11059	6	30	0
11059	39	12	0
11059	34	35	0
11060	34	4	0
11060	13	10	0
11061	34	15	0
11062	32.8	10	0.2
11062	15	12	0.2
11063	14	30	0
11063	18.4	40	0.1
11063	9.65	30	0.1
11064	39	77	0.1
11064	9.65	12	0
11064	32.8	25	0.1
11064	24	4	0.1
11064	12.5	55	0
11065	25.89	4	0.25
11065	7.45	20	0.25
11066	17.45	3	0
11066	9.2	42	0
11066	14	35	0
11067	9.65	9	0
11068	45.6	8	0.15
11068	46	36	0.15
11068	13	28	0.15
11069	18	20	0
11070	18	40	0.15
11070	19	20	0.15
11070	17.45	30	0.15
11070	12.5	20	0
11071	30	15	0.05
11071	6	10	0.05
11072	19	8	0
11072	9.65	40	0
11072	16.25	22	0
11072	33.25	130	0
11073	21	10	0
11073	4.5	20	0
11074	17.45	14	0.05
11075	19	10	0.15
11075	12	30	0.15
11075	18	2	0.15
11076	25	20	0.25
11076	23.25	20	0.25
11076	9.2	10	0.25
11077	19	24	0.2
11077	10	4	0
11077	22	1	0
11077	25	1	0.02
11077	30	1	0.05
11077	40	2	0.1
11077	31	1	0
11077	38	2	0.05
11077	6	4	0
11077	23.25	1	0.03
11077	17.45	2	0.03
11077	81	1	0.04
11077	9	2	0
11077	32	1	0
11077	18	2	0.05
11077	9.65	3	0
11077	12	3	0.02
11077	7	2	0
11077	24	2	0
11077	34	2	0.06
11077	33.25	2	0.03
11077	17	1	0
11077	15	2	0.01
11077	7.75	4	0
11077	13	2	0
\.


--
-- Data for Name: orders; Type: TABLE DATA; Schema: public; Owner: -
--

COPY public.orders (order_id, customer_id, freight) FROM stdin;
10248	VINET	32.38
10249	TOMSP	11.61
10250	HANAR	65.83
10251	VICTE	41.34
10252	SUPRD	51.3
10253	HANAR	58.17
10254	CHOPS	22.98
10255	RICSU	148.33
10256	WELLI	13.97
10257	HILAA	81.91
10258	ERNSH	140.51
10259	CENTC	3.25
10260	OTTIK	55.09
10261	QUEDE	3.05
10262	RATTC	48.29
10263	ERNSH	146.06
10264	FOLKO	3.67
10265	BLONP	55.28
10266	WARTH	25.73
10267	FRANK	208.58
10268	GROSR	66.29
10269	WHITC	4.56
10270	WARTH	136.54
10271	SPLIR	4.54
10272	RATTC	98.03
10273	QUICK	76.07
10274	VINET	6.01
10275	MAGAA	26.93
10276	TORTU	13.84
10277	MORGK	125.77
10278	BERGS	92.69
10279	LEHMS	25.83
10280	BERGS	8.98
10281	ROMEY	2.94
10282	ROMEY	12.69
10283	LILAS	84.81
10284	LEHMS	76.56
10285	QUICK	76.83
10286	QUICK	229.24
10287	RICAR	12.76
10288	REGGC	7.45
10289	BSBEV	22.77
10290	COMMI	79.7
10291	QUEDE	6.4
10292	TRADH	1.35
10293	TORTU	21.18
10294	RATTC	147.26
10295	VINET	1.15
10296	LILAS	0.12
10297	BLONP	5.74
10298	HUNGO	168.22
10299	RICAR	29.76
10300	MAGAA	17.68
10301	WANDK	45.08
10302	SUPRD	6.27
10303	GODOS	107.83
10304	TORTU	63.79
10305	OLDWO	257.62
10306	ROMEY	7.56
10307	LONEP	0.56
10308	ANATR	1.61
10309	HUNGO	47.3
10310	THEBI	17.52
10311	DUMON	24.69
10312	WANDK	40.26
10313	QUICK	1.96
10314	RATTC	74.16
10315	ISLAT	41.76
10316	RATTC	150.15
10317	LONEP	12.69
10318	ISLAT	4.73
10319	TORTU	64.5
10320	WARTH	34.57
10321	ISLAT	3.43
10322	PERIC	0.4
10323	KOENE	4.88
10324	SAVEA	214.27
10325	KOENE	64.86
10326	BOLID	77.92
10327	FOLKO	63.36
10328	FURIB	87.03
10329	SPLIR	191.67
10330	LILAS	12.75
10331	BONAP	10.19
10332	MEREP	52.84
10333	WARTH	0.59
10334	VICTE	8.56
10335	HUNGO	42.11
10336	PRINI	15.51
10337	FRANK	108.26
10338	OLDWO	84.21
10339	MEREP	15.66
10340	BONAP	166.31
10341	SIMOB	26.78
10342	FRANK	54.83
10343	LEHMS	110.37
10344	WHITC	23.29
10345	QUICK	249.06
10346	RATTC	142.08
10347	FAMIA	3.1
10348	WANDK	0.78
10349	SPLIR	8.63
10350	LAMAI	64.19
10351	ERNSH	162.33
10352	FURIB	1.3
10353	PICCO	360.63
10354	PERIC	53.8
10355	AROUT	41.95
10356	WANDK	36.71
10357	LILAS	34.88
10358	LAMAI	19.64
10359	SEVES	288.43
10360	BLONP	131.7
10361	QUICK	183.17
10362	BONAP	96.04
10363	DRACD	30.54
10364	EASTC	71.97
10365	ANTON	22
10366	GALED	10.14
10367	VAFFE	13.55
10368	ERNSH	101.95
10369	SPLIR	195.68
10370	CHOPS	1.17
10371	LAMAI	0.45
10372	QUEEN	890.78
10373	HUNGO	124.12
10374	WOLZA	3.94
10375	HUNGC	20.12
10376	MEREP	20.39
10377	SEVES	22.21
10378	FOLKO	5.44
10379	QUEDE	45.03
10380	HUNGO	35.03
10381	LILAS	7.99
10382	ERNSH	94.77
10383	AROUT	34.24
10384	BERGS	168.64
10385	SPLIR	30.96
10386	FAMIA	13.99
10387	SANTG	93.63
10388	SEVES	34.86
10389	BOTTM	47.42
10390	ERNSH	126.38
10391	DRACD	5.45
10392	PICCO	122.46
10393	SAVEA	126.56
10394	HUNGC	30.34
10395	HILAA	184.41
10396	FRANK	135.35
10397	PRINI	60.26
10398	SAVEA	89.16
10399	VAFFE	27.36
10400	EASTC	83.93
10401	RATTC	12.51
10402	ERNSH	67.88
10403	ERNSH	73.79
10404	MAGAA	155.97
10405	LINOD	34.82
10406	QUEEN	108.04
10407	OTTIK	91.48
10408	FOLIG	11.26
10409	OCEAN	29.83
10410	BOTTM	2.4
10411	BOTTM	23.65
10412	WARTH	3.77
10413	LAMAI	95.66
10414	FAMIA	21.48
10415	HUNGC	0.2
10416	WARTH	22.72
10417	SIMOB	70.29
10418	QUICK	17.55
10419	RICSU	137.35
10420	WELLI	44.12
10421	QUEDE	99.23
10422	FRANS	3.02
10423	GOURL	24.5
10424	MEREP	370.61
10425	LAMAI	7.93
10426	GALED	18.69
10427	PICCO	31.29
10428	REGGC	11.09
10429	HUNGO	56.63
10430	ERNSH	458.78
10431	BOTTM	44.17
10432	SPLIR	4.34
10433	PRINI	73.83
10434	FOLKO	17.92
10435	CONSH	9.21
10436	BLONP	156.66
10437	WARTH	19.97
10438	TOMSP	8.24
10439	MEREP	4.07
10440	SAVEA	86.53
10441	OLDWO	73.02
10442	ERNSH	47.94
10443	REGGC	13.95
10444	BERGS	3.5
10445	BERGS	9.3
10446	TOMSP	14.68
10447	RICAR	68.66
10448	RANCH	38.82
10449	BLONP	53.3
10450	VICTE	7.23
10451	QUICK	189.09
10452	SAVEA	140.26
10453	AROUT	25.36
10454	LAMAI	2.74
10455	WARTH	180.45
10456	KOENE	8.12
10457	KOENE	11.57
10458	SUPRD	147.06
10459	VICTE	25.09
10460	FOLKO	16.27
10461	LILAS	148.61
10462	CONSH	6.17
10463	SUPRD	14.78
10464	FURIB	89
10465	VAFFE	145.04
10466	COMMI	11.93
10467	MAGAA	4.93
10468	KOENE	44.12
10469	WHITC	60.18
10470	BONAP	64.56
10471	BSBEV	45.59
10472	SEVES	4.2
10473	ISLAT	16.37
10474	PERIC	83.49
10475	SUPRD	68.52
10476	HILAA	4.41
10477	PRINI	13.02
10478	VICTE	4.81
10479	RATTC	708.95
10480	FOLIG	1.35
10481	RICAR	64.33
10482	LAZYK	7.48
10483	WHITC	15.28
10484	BSBEV	6.88
10485	LINOD	64.45
10486	HILAA	30.53
10487	QUEEN	71.07
10488	FRANK	4.93
10489	PICCO	5.29
10490	HILAA	210.19
10491	FURIB	16.96
10492	BOTTM	62.89
10493	LAMAI	10.64
10494	COMMI	65.99
10495	LAUGB	4.65
10496	TRADH	46.77
10497	LEHMS	36.21
10498	HILAA	29.75
10499	LILAS	102.02
10500	LAMAI	42.68
10501	BLAUS	8.85
10502	PERIC	69.32
10503	HUNGO	16.74
10504	WHITC	59.13
10505	MEREP	7.13
10506	KOENE	21.19
10507	ANTON	47.45
10508	OTTIK	4.99
10509	BLAUS	0.15
10510	SAVEA	367.63
10511	BONAP	350.64
10512	FAMIA	3.53
10513	WANDK	105.65
10514	ERNSH	789.95
10515	QUICK	204.47
10516	HUNGO	62.78
10517	NORTS	32.07
10518	TORTU	218.15
10519	CHOPS	91.76
10520	SANTG	13.37
10521	CACTU	17.22
10522	LEHMS	45.33
10523	SEVES	77.63
10524	BERGS	244.79
10525	BONAP	11.06
10526	WARTH	58.59
10527	QUICK	41.9
10528	GREAL	3.35
10529	MAISD	66.69
10530	PICCO	339.22
10531	OCEAN	8.12
10532	EASTC	74.46
10533	FOLKO	188.04
10534	LEHMS	27.94
10535	ANTON	15.64
10536	LEHMS	58.88
10537	RICSU	78.85
10538	BSBEV	4.87
10539	BSBEV	12.36
10540	QUICK	1007.64
10541	HANAR	68.65
10542	KOENE	10.95
10543	LILAS	48.17
10544	LONEP	24.91
10545	LAZYK	11.92
10546	VICTE	194.72
10547	SEVES	178.43
10548	TOMSP	1.43
10549	QUICK	171.24
10550	GODOS	4.32
10551	FURIB	72.95
10552	HILAA	83.22
10553	WARTH	149.49
10554	OTTIK	120.97
10555	SAVEA	252.49
10556	SIMOB	9.8
10557	LEHMS	96.72
10558	AROUT	72.97
10559	BLONP	8.05
10560	FRANK	36.65
10561	FOLKO	242.21
10562	REGGC	22.95
10563	RICAR	60.43
10564	RATTC	13.75
10565	MEREP	7.15
10566	BLONP	88.4
10567	HUNGO	33.97
10568	GALED	6.54
10569	RATTC	58.98
10570	MEREP	188.99
10571	ERNSH	26.06
10572	BERGS	116.43
10573	ANTON	84.84
10574	TRAIH	37.6
10575	MORGK	127.34
10576	TORTU	18.56
10577	TRAIH	25.41
10578	BSBEV	29.6
10579	LETSS	13.73
10580	OTTIK	75.89
10581	FAMIA	3.01
10582	BLAUS	27.71
10583	WARTH	7.28
10584	BLONP	59.14
10585	WELLI	13.41
10586	REGGC	0.48
10587	QUEDE	62.52
10588	QUICK	194.67
10589	GREAL	4.42
10590	MEREP	44.77
10591	VAFFE	55.92
10592	LEHMS	32.1
10593	LEHMS	174.2
10594	OLDWO	5.24
10595	ERNSH	96.78
10596	WHITC	16.34
10597	PICCO	35.12
10598	RATTC	44.42
10599	BSBEV	29.98
10600	HUNGC	45.13
10601	HILAA	58.3
10602	VAFFE	2.92
10603	SAVEA	48.77
10604	FURIB	7.46
10605	MEREP	379.13
10606	TRADH	79.4
10607	SAVEA	200.24
10608	TOMSP	27.79
10609	DUMON	1.85
10610	LAMAI	26.78
10611	WOLZA	80.65
10612	SAVEA	544.08
10613	HILAA	8.11
10614	BLAUS	1.93
10615	WILMK	0.75
10616	GREAL	116.53
10617	GREAL	18.53
10618	MEREP	154.68
10619	MEREP	91.05
10620	LAUGB	0.94
10621	ISLAT	23.73
10622	RICAR	50.97
10623	FRANK	97.18
10624	THECR	94.8
10625	ANATR	43.9
10626	BERGS	138.69
10627	SAVEA	107.46
10628	BLONP	30.36
10629	GODOS	85.46
10630	KOENE	32.35
10631	LAMAI	0.87
10632	WANDK	41.38
10633	ERNSH	477.9
10634	FOLIG	487.38
10635	MAGAA	47.46
10636	WARTH	1.15
10637	QUEEN	201.29
10638	LINOD	158.44
10639	SANTG	38.64
10640	WANDK	23.55
10641	HILAA	179.61
10642	SIMOB	41.89
10643	ALFKI	29.46
10644	WELLI	0.14
10645	HANAR	12.41
10646	HUNGO	142.33
10647	QUEDE	45.54
10648	RICAR	14.25
10649	MAISD	6.2
10650	FAMIA	176.81
10651	WANDK	20.6
10652	GOURL	7.14
10653	FRANK	93.25
10654	BERGS	55.26
10655	REGGC	4.41
10656	GREAL	57.15
10657	SAVEA	352.69
10658	QUICK	364.15
10659	QUEEN	105.81
10660	HUNGC	111.29
10661	HUNGO	17.55
10662	LONEP	1.28
10663	BONAP	113.15
10664	FURIB	1.27
10665	LONEP	26.31
10666	RICSU	232.42
10667	ERNSH	78.09
10668	WANDK	47.22
10669	SIMOB	24.39
10670	FRANK	203.48
10671	FRANR	30.34
10672	BERGS	95.75
10673	WILMK	22.76
10674	ISLAT	0.9
10675	FRANK	31.85
10676	TORTU	2.01
10677	ANTON	4.03
10678	SAVEA	388.98
10679	BLONP	27.94
10680	OLDWO	26.61
10681	GREAL	76.13
10682	ANTON	36.13
10683	DUMON	4.4
10684	OTTIK	145.63
10685	GOURL	33.75
10686	PICCO	96.5
10687	HUNGO	296.43
10688	VAFFE	299.09
10689	BERGS	13.42
10690	HANAR	15.8
10691	QUICK	810.05
10692	ALFKI	61.02
10693	WHITC	139.34
10694	QUICK	398.36
10695	WILMK	16.72
10696	WHITC	102.55
10697	LINOD	45.52
10698	ERNSH	272.47
10699	MORGK	0.58
10700	SAVEA	65.1
10701	HUNGO	220.31
10702	ALFKI	23.94
10703	FOLKO	152.3
10704	QUEEN	4.78
10705	HILAA	3.52
10706	OLDWO	135.63
10707	AROUT	21.74
10708	THEBI	2.96
10709	GOURL	210.8
10710	FRANS	4.98
10711	SAVEA	52.41
10712	HUNGO	89.93
10713	SAVEA	167.05
10714	SAVEA	24.49
10715	BONAP	63.2
10716	RANCH	22.57
10717	FRANK	59.25
10718	KOENE	170.88
10719	LETSS	51.44
10720	QUEDE	9.53
10721	QUICK	48.92
10722	SAVEA	74.58
10723	WHITC	21.72
10724	MEREP	57.75
10725	FAMIA	10.83
10726	EASTC	16.56
10727	REGGC	89.9
10728	QUEEN	58.33
10729	LINOD	141.06
10730	BONAP	20.12
10731	CHOPS	96.65
10732	BONAP	16.97
10733	BERGS	110.11
10734	GOURL	1.63
10735	LETSS	45.97
10736	HUNGO	44.1
10737	VINET	7.79
10738	SPECD	2.91
10739	VINET	11.08
10740	WHITC	81.88
10741	AROUT	10.96
10742	BOTTM	243.73
10743	AROUT	23.72
10744	VAFFE	69.19
10745	QUICK	3.52
10746	CHOPS	31.43
10747	PICCO	117.33
10748	SAVEA	232.55
10749	ISLAT	61.53
10750	WARTH	79.3
10751	RICSU	130.79
10752	NORTS	1.39
10753	FRANS	7.7
10754	MAGAA	2.38
10755	BONAP	16.71
10756	SPLIR	73.21
10757	SAVEA	8.19
10758	RICSU	138.17
10759	ANATR	11.99
10760	MAISD	155.64
10761	RATTC	18.66
10762	FOLKO	328.74
10763	FOLIG	37.35
10764	ERNSH	145.45
10765	QUICK	42.74
10766	OTTIK	157.55
10767	SUPRD	1.59
10768	AROUT	146.32
10769	VAFFE	65.06
10770	HANAR	5.32
10771	ERNSH	11.19
10772	LEHMS	91.28
10773	ERNSH	96.43
10774	FOLKO	48.2
10775	THECR	20.25
10776	ERNSH	351.53
10777	GOURL	3.01
10778	BERGS	6.79
10779	MORGK	58.13
10780	LILAS	42.13
10781	WARTH	73.16
10782	CACTU	1.1
10783	HANAR	124.98
10784	MAGAA	70.09
10785	GROSR	1.51
10786	QUEEN	110.87
10787	LAMAI	249.93
10788	QUICK	42.7
10789	FOLIG	100.6
10790	GOURL	28.23
10791	FRANK	16.85
10792	WOLZA	23.79
10793	AROUT	4.52
10794	QUEDE	21.49
10795	ERNSH	126.66
10796	HILAA	26.52
10797	DRACD	33.35
10798	ISLAT	2.33
10799	KOENE	30.76
10800	SEVES	137.44
10801	BOLID	97.09
10802	SIMOB	257.26
10803	WELLI	55.23
10804	SEVES	27.33
10805	THEBI	237.34
10806	VICTE	22.11
10807	FRANS	1.36
10808	OLDWO	45.53
10809	WELLI	4.87
10810	LAUGB	4.33
10811	LINOD	31.22
10812	REGGC	59.78
10813	RICAR	47.38
10814	VICTE	130.94
10815	SAVEA	14.62
10816	GREAL	719.78
10817	KOENE	306.07
10818	MAGAA	65.48
10819	CACTU	19.76
10820	RATTC	37.52
10821	SPLIR	36.68
10822	TRAIH	7
10823	LILAS	163.97
10824	FOLKO	1.23
10825	DRACD	79.25
10826	BLONP	7.09
10827	BONAP	63.54
10828	RANCH	90.85
10829	ISLAT	154.72
10830	TRADH	81.83
10831	SANTG	72.19
10832	LAMAI	43.26
10833	OTTIK	71.49
10834	TRADH	29.78
10835	ALFKI	69.53
10836	ERNSH	411.88
10837	BERGS	13.32
10838	LINOD	59.28
10839	TRADH	35.43
10840	LINOD	2.71
10841	SUPRD	424.3
10842	TORTU	54.42
10843	VICTE	9.26
10844	PICCO	25.22
10845	QUICK	212.98
10846	SUPRD	56.46
10847	SAVEA	487.57
10848	CONSH	38.24
10849	KOENE	0.56
10850	VICTE	49.19
10851	RICAR	160.55
10852	RATTC	174.05
10853	BLAUS	53.83
10854	ERNSH	100.22
10855	OLDWO	170.97
10856	ANTON	58.43
10857	BERGS	188.85
10858	LACOR	52.51
10859	FRANK	76.1
10860	FRANR	19.26
10861	WHITC	14.93
10862	LEHMS	53.23
10863	HILAA	30.26
10864	AROUT	3.04
10865	QUICK	348.14
10866	BERGS	109.11
10867	LONEP	1.93
10868	QUEEN	191.27
10869	SEVES	143.28
10870	WOLZA	12.04
10871	BONAP	112.27
10872	GODOS	175.32
10873	WILMK	0.82
10874	GODOS	19.58
10875	BERGS	32.37
10876	BONAP	60.42
10877	RICAR	38.06
10878	QUICK	46.69
10879	WILMK	8.5
10880	FOLKO	88.01
10881	CACTU	2.84
10882	SAVEA	23.1
10883	LONEP	0.53
10884	LETSS	90.97
10885	SUPRD	5.64
10886	HANAR	4.99
10887	GALED	1.25
10888	GODOS	51.87
10889	RATTC	280.61
10890	DUMON	32.76
10891	LEHMS	20.37
10892	MAISD	120.27
10893	KOENE	77.78
10894	SAVEA	116.13
10895	ERNSH	162.75
10896	MAISD	32.45
10897	HUNGO	603.54
10898	OCEAN	1.27
10899	LILAS	1.21
10900	WELLI	1.66
10901	HILAA	62.09
10902	FOLKO	44.15
10903	HANAR	36.71
10904	WHITC	162.95
10905	WELLI	13.72
10906	WOLZA	26.29
10907	SPECD	9.19
10908	REGGC	32.96
10909	SANTG	53.05
10910	WILMK	38.11
10911	GODOS	38.19
10912	HUNGO	580.91
10913	QUEEN	33.05
10914	QUEEN	21.19
10915	TORTU	3.51
10916	RANCH	63.77
10917	ROMEY	8.29
10918	BOTTM	48.83
10919	LINOD	19.8
10920	AROUT	29.61
10921	VAFFE	176.48
10922	HANAR	62.74
10923	LAMAI	68.26
10924	BERGS	151.52
10925	HANAR	2.27
10926	ANATR	39.92
10927	LACOR	19.79
10928	GALED	1.36
10929	FRANK	33.93
10930	SUPRD	15.55
10931	RICSU	13.6
10932	BONAP	134.64
10933	ISLAT	54.15
10934	LEHMS	32.01
10935	WELLI	47.59
10936	GREAL	33.68
10937	CACTU	31.51
10938	QUICK	31.89
10939	MAGAA	76.33
10940	BONAP	19.77
10941	SAVEA	400.81
10942	REGGC	17.95
10943	BSBEV	2.17
10944	BOTTM	52.92
10945	MORGK	10.22
10946	VAFFE	27.2
10947	BSBEV	3.26
10948	GODOS	23.39
10949	BOTTM	74.44
10950	MAGAA	2.5
10951	RICSU	30.85
10952	ALFKI	40.42
10953	AROUT	23.72
10954	LINOD	27.91
10955	FOLKO	3.26
10956	BLAUS	44.65
10957	HILAA	105.36
10958	OCEAN	49.56
10959	GOURL	4.98
10960	HILAA	2.08
10961	QUEEN	104.47
10962	QUICK	275.79
10963	FURIB	2.7
10964	SPECD	87.38
10965	OLDWO	144.38
10966	CHOPS	27.19
10967	TOMSP	62.22
10968	ERNSH	74.6
10969	COMMI	0.21
10970	BOLID	16.16
10971	FRANR	121.82
10972	LACOR	0.02
10973	LACOR	15.17
10974	SPLIR	12.96
10975	BOTTM	32.27
10976	HILAA	37.97
10977	FOLKO	208.5
10978	MAISD	32.82
10979	ERNSH	353.07
10980	FOLKO	1.26
10981	HANAR	193.37
10982	BOTTM	14.01
10983	SAVEA	657.54
10984	SAVEA	211.22
10985	HUNGO	91.51
10986	OCEAN	217.86
10987	EASTC	185.48
10988	RATTC	61.14
10989	QUEDE	34.76
10990	ERNSH	117.61
10991	QUICK	38.51
10992	THEBI	4.27
10993	FOLKO	8.81
10994	VAFFE	65.53
10995	PERIC	46
10996	QUICK	1.12
10997	LILAS	73.91
10998	WOLZA	20.31
10999	OTTIK	96.35
11000	RATTC	55.12
11001	FOLKO	197.3
11002	SAVEA	141.16
11003	THECR	14.91
11004	MAISD	44.84
11005	WILMK	0.75
11006	GREAL	25.19
11007	PRINI	202.24
11008	ERNSH	79.46
11009	GODOS	59.11
11010	REGGC	28.71
11011	ALFKI	1.21
11012	FRANK	242.95
11013	ROMEY	32.99
11014	LINOD	23.6
11015	SANTG	4.62
11016	AROUT	33.8
11017	ERNSH	754.26
11018	LONEP	11.65
11019	RANCH	3.17
11020	OTTIK	43.3
11021	QUICK	297.18
11022	HANAR	6.27
11023	BSBEV	123.83
11024	EASTC	74.36
11025	WARTH	29.17
11026	FRANS	47.09
11027	BOTTM	52.52
11028	KOENE	29.59
11029	CHOPS	47.84
11030	SAVEA	830.75
11031	SAVEA	227.22
11032	WHITC	606.19
11033	RICSU	84.74
11034	OLDWO	40.32
11035	SUPRD	0.17
11036	DRACD	149.47
11037	GODOS	3.2
11038	SUPRD	29.59
11039	LINOD	65
11040	GREAL	18.84
11041	CHOPS	48.22
11042	COMMI	29.99
11043	SPECD	8.8
11044	WOLZA	8.72
11045	BOTTM	70.58
11046	WANDK	71.64
11047	EASTC	46.62
11048	BOTTM	24.12
11049	GOURL	8.34
11050	FOLKO	59.41
11051	LAMAI	2.79
11052	HANAR	67.26
11053	PICCO	53.05
11054	CACTU	0.33
11055	HILAA	120.92
11056	EASTC	278.96
11057	NORTS	4.13
11058	BLAUS	31.14
11059	RICAR	85.8
11060	FRANS	10.98
11061	GREAL	14.01
11062	REGGC	29.93
11063	HUNGO	81.73
11064	SAVEA	30.09
11065	LILAS	12.91
11066	WHITC	44.72
11067	DRACD	7.98
11068	QUEEN	81.75
11069	TORTU	15.67
11070	LEHMS	136
11071	LILAS	0.93
11072	ERNSH	258.64
11073	PERIC	24.95
11074	SIMOB	18.44
11075	RICSU	6.19
11076	BONAP	38.28
11077	RATTC	8.53
\.


--
-- Name: customers customers_pkey; Type: CONSTRAINT; Schema: public; Owner: -
--

ALTER TABLE ONLY public.customers
    ADD CONSTRAINT customers_pkey PRIMARY KEY (customer_id);


--
-- Name: orders orders_pkey; Type: CONSTRAINT; Schema: public; Owner: -
--

ALTER TABLE ONLY public.orders
    ADD CONSTRAINT orders_pkey PRIMARY KEY (order_id);


--
-- PostgreSQL database dump complete
--

